{
	"type": "origins:action_on_callback",
	"entity_action_added":
	{
		"type":"origins:and",
		"actions":[
		{
			"type": "origins:execute_command",
			"command": "scale set pehkui:width 0.80 @s",
			"permission_level": 4
		},
		{
			"type": "origins:execute_command",
			"command": "scale set pehkui:height 0.80 @s",
			"permission_level": 4
		}
	]
	},
	"entity_action_removed":
	{
		"type":"origins:and",
		"actions":[
		{
			"type": "origins:execute_command",
			"command": "scale set pehkui:width 1 @s",
			"permission_level": 4
		},
		{
			"type": "origins:execute_command",
			"command": "scale set pehkui:height 1 @s",
			"permission_level": 4
		}
	]
	},
	"execute_chosen_when_orb": true,
	"hidden": true
}