{
  "type": "origins:active_self",
    "entity_action": {
      "type": "origins:and",
      "actions": [
        
        {    
	    "type": "origins:execute_command",
	    "command": "playsound minecraft:entity.fox.ambient player @a[distance=10] ~ ~ ~ 1 1 1",
        "permission_level": 4
        },
		{
		"type": "origins:add_velocity",
		"z": 0.5,
		"space": "local"
		},
		{
		"type": "origins:add_velocity",
		"y": 0.5
		},
		{
		"type": "origins:exhaust",
        "amount": 0.6
		}
      ]
    },
	"name": "Pounce",
	"description": "You can jump high into the air by pressing your primary key!",
    "key": {
        "key": "key.origins.primary_active",
        "continuous": false
    },
	"cooldown": 50,
    "hud_render": {
      "should_render": true,
      "sprite_location": "origins:textures/gui/community/spiderkolo/resource_bar_03.png",
      "bar_index": 23
		}
}