{
  "type": "origins:modify_food",
  "item_condition": {
    "type": "origins:ingredient",
    "ingredient":
      {
      "item": "minecraft:sweet_berries"
      }
    },
  "food_modifier": {
    "name": "Origin Modifier",
    "value": 1,
    "operation": "addition"
  },
  "saturation_modifier": {
    "name": "Origin Modifier",
    "value": 5,
    "operation": "addition"
  },
  "entity_action": {
    "type": "origins:heal",
    "amount": 1
  },
  "name":"Sweeter Berries",
  "description":"Berries give you more hunger and saturation!"
}